repo_name,easy_file,hard_file
vchelaru/Gum,SkiaGum.Wpf/GumSKElement.cs,CodeOutputPlugin/Manager/CodeGenerator.cs
vchelaru/Gum,GumRuntime/GraphicalUiElement.cs,Gum/Managers/ElementTreeViewManager.RightClick.cs
dnGrep/dnGrep,dnGREP.WPF/ViewModels/MainViewModel.cs,dnGREP.WPF/ViewModels/PreviewViewModel.cs
GNOME/chronojump,src/util.cs,src/sqlite/main.cs
jonthysell/Mzinga,src/Mzinga/Core/Position.cs,src/Mzinga.Viewer/UpdateUtils.cs
jonthysell/Mzinga,src/Mzinga/Core/Position.cs,src/Mzinga/Core/Board.cs
jonthysell/Mzinga,src/Mzinga/Core/Position.cs,src/Mzinga.Viewer/ViewModels/MainViewModel.cs
jonthysell/Mzinga,src/Mzinga/Core/AI/GameAIConfig.cs,src/Mzinga/Core/Board.cs
jonthysell/Mzinga,src/Mzinga/Core/AI/GameAIConfig.cs,src/Mzinga.Viewer/ViewModels/MainViewModel.cs
jonthysell/Mzinga,src/Mzinga/Core/AI/GameAIConfig.cs,src/Mzinga.Viewer/UpdateUtils.cs
UnigramDev/Unigram,Unigram/Unigram/Common/TLLocator.cs,Unigram/Unigram/Controls/Messages/MessageReferenceBase.cs
UnigramDev/Unigram,Unigram/Unigram/Strings/en/Resources.cs,Unigram/Unigram/Views/MainPage.xaml.cs
UnigramDev/Unigram,Unigram/Unigram/Strings/en/Resources.cs,Unigram/Unigram/Views/SettingsPage.xaml.cs
UnigramDev/Unigram,Unigram/Unigram/Views/Premium/PremiumPage.xaml.cs,Unigram/Unigram/Controls/AnimatedControl.cs
UnigramDev/Unigram,Unigram/Unigram/Controls/Drawers/StickerDrawer.xaml.cs,Unigram/Unigram/Controls/Messages/MessageReferenceBase.cs
UnigramDev/Unigram,Unigram/Unigram/ViewModels/Premium/PremiumViewModel.cs,Unigram/Unigram/Controls/AnimatedControl.cs
UnigramDev/Unigram,Unigram/Unigram/Views/Premium/Popups/FeaturesPopup.xaml.cs,Unigram/Unigram/Controls/AnimatedControl.cs
joinrpg/joinrpg-net,src/JoinRpg.Blazor.Client/ApiClients/HttpClientRegistration.cs,src/JoinRpg.Portal/Controllers/WebApi/ResponsibleMasterRuleController.cs
joinrpg/joinrpg-net,src/JoinRpg.Blazor.Client/ApiClients/HttpClientRegistration.cs,src/JoinRpg.WebPortal.Managers/ProjectMasterTools/ResponsibleMasterRules/ResponsibleMasterRuleViewService.cs
joinrpg/joinrpg-net,src/JoinRpg.WebPortal.Models/Characters/CharacterViewModelBase.cs,src/JoinRpg.Portal/Controllers/WebApi/ResponsibleMasterRuleController.cs
joinrpg/joinrpg-net,src/JoinRpg.WebPortal.Models/Characters/CharacterViewModelBase.cs,src/JoinRpg.WebPortal.Managers/ProjectMasterTools/ResponsibleMasterRules/ResponsibleMasterRuleViewService.cs
vchelaru/FlatRedBall,FRBDK/Glue/OfficialPlugins/PointEditingPlugin/PointEditControl.xaml.cs,FRBDK/Glue/OfficialPlugins/Compiler/Managers/VariableSendingManager.cs
vchelaru/FlatRedBall,FRBDK/Glue/OfficialPlugins/PointEditingPlugin/PointEditControl.xaml.cs,FRBDK/Glue/OfficialPlugins/Compiler/Embedded/Editing/Markers/SelectionMarker.cs
vchelaru/FlatRedBall,FRBDK/Glue/OfficialPlugins/PointEditingPlugin/PointEditControl.xaml.cs,FRBDK/Glue/OfficialPlugins/Compiler/Embedded/Editing/EditingManager.cs
vchelaru/FlatRedBall,FRBDK/Glue/OfficialPlugins/PointEditingPlugin/PointEditControl.xaml.cs,FRBDK/Glue/OfficialPlugins/Wizard/Managers/WizardProjectLogic.cs
vchelaru/FlatRedBall,FRBDK/Glue/OfficialPlugins/SpritePlugin/Views/TextureCoordinateSelectionWindow.xaml.cs,FRBDK/Glue/OfficialPlugins/SpritePlugin/Managers/MouseEditingLogic.cs
vchelaru/FlatRedBall,FRBDK/Glue/OfficialPlugins/SpritePlugin/Views/TextureCoordinateSelectionWindow.xaml.cs,FRBDK/Glue/OfficialPlugins/Compiler/Embedded/Editing/Markers/PolygonPointHandles.cs
vchelaru/FlatRedBall,FRBDK/Glue/OfficialPlugins/SpritePlugin/Views/TextureCoordinateSelectionWindow.xaml.cs,FRBDK/Glue/OfficialPlugins/SpritePlugin/Views/TextureCoordinateSelectionView.xaml.cs
vchelaru/FlatRedBall,FRBDK/Glue/OfficialPlugins/SpritePlugin/Views/TextureCoordinateSelectionWindow.xaml.cs,FRBDK/Glue/PlatformerPlugin/CodeGenerators/PlatformerAnimationControllerGenerator.cs
CypherCore/CypherCore,Source/Game/World/WorldManager.cs,Source/Game/Chat/CommandArgs.cs
CypherCore/CypherCore,Source/Game/World/WorldManager.cs,Source/Game/World/WorldStateManager.cs
CypherCore/CypherCore,Source/Game/Scripting/CoreScripts.cs,Source/Game/Handlers/MovementHandler.cs
CypherCore/CypherCore,Source/Game/Scripting/CoreScripts.cs,Source/Game/Spells/SpellEffects.cs
CypherCore/CypherCore,Source/Game/Scripting/CoreScripts.cs,Source/Framework/Constants/SharedConst.cs
CypherCore/CypherCore,Source/Game/Scripting/CoreScripts.cs,Source/Game/Spells/SpellManager.cs
CypherCore/CypherCore,Source/Game/Scripting/CoreScripts.cs,Source/Game/Chat/Commands/GameObjectCommands.cs
CypherCore/CypherCore,Source/Game/Scripting/CoreScripts.cs,Source/Framework/Database/Databases/CharacterDatabase.cs
CypherCore/CypherCore,Source/Game/Scripting/CoreScripts.cs,Source/Game/Maps/Instances/InstanceSaveManager.cs
CypherCore/CypherCore,Source/Game/Scripting/CoreScripts.cs,Source/Game/Entities/Player/Player.DB.cs
CypherCore/CypherCore,Source/Game/Scripting/CoreScripts.cs,Source/Scripts/World/NpcSpecial.cs
CypherCore/CypherCore,Source/Game/Scripting/CoreScripts.cs,Source/Game/Globals/ObjectManager.cs
CypherCore/CypherCore,Source/Game/Scripting/CoreScripts.cs,Source/Game/Chat/Commands/MMapsCommands.cs
CypherCore/CypherCore,Source/Game/Scripting/CoreScripts.cs,Source/Game/Maps/Instances/InstanceScript.cs
CypherCore/CypherCore,Source/Game/Scripting/CoreScripts.cs,Source/Game/Spells/Auras/AuraEffect.cs
CypherCore/CypherCore,Source/Game/Scripting/CoreScripts.cs,Source/Game/Chat/Commands/LearnCommands.cs
CypherCore/CypherCore,Source/Game/Scripting/CoreScripts.cs,Source/Game/Chat/Commands/GroupCommands.cs
CypherCore/CypherCore,Source/Game/Scripting/CoreScripts.cs,Source/Game/Conditions/ConditionManager.cs
CypherCore/CypherCore,Source/Game/Scripting/CoreScripts.cs,Source/Game/Entities/GameObject/GameObject.cs
CypherCore/CypherCore,Source/Game/Scripting/CoreScripts.cs,Source/Game/Entities/Creature/Creature.cs
CypherCore/CypherCore,Source/Game/Scripting/CoreScripts.cs,Source/Game/Maps/TransportManager.cs
CypherCore/CypherCore,Source/Game/Scripting/CoreScripts.cs,Source/Game/Entities/Object/WorldObject.cs
CypherCore/CypherCore,Source/Game/Scripting/CoreScripts.cs,Source/Game/Chat/Commands/MiscCommands.cs
CypherCore/CypherCore,Source/Game/Scripting/CoreScripts.cs,Source/Game/Chat/Commands/CharacterCommands.cs
CypherCore/CypherCore,Source/Game/Scripting/CoreScripts.cs,Source/Game/Spells/Spell.cs
CypherCore/CypherCore,Source/Game/Chat/Commands/ListCommands.cs,Source/Game/Spells/Auras/AuraEffect.cs
CypherCore/CypherCore,Source/Game/Chat/Commands/ListCommands.cs,Source/Game/Globals/ObjectManager.cs
CypherCore/CypherCore,Source/Game/Chat/Commands/ListCommands.cs,Source/Game/Chat/Commands/GameObjectCommands.cs
CypherCore/CypherCore,Source/Game/Chat/Commands/ListCommands.cs,Source/Game/Chat/Commands/CharacterCommands.cs
CypherCore/CypherCore,Source/Game/Chat/Commands/ListCommands.cs,Source/Scripts/World/NpcSpecial.cs
CypherCore/CypherCore,Source/Game/Chat/Commands/ListCommands.cs,Source/Game/Entities/Player/Player.DB.cs
CypherCore/CypherCore,Source/Game/Chat/Commands/ListCommands.cs,Source/Framework/Constants/SharedConst.cs
CypherCore/CypherCore,Source/Game/Chat/Commands/ListCommands.cs,Source/Game/Chat/Commands/MMapsCommands.cs
CypherCore/CypherCore,Source/Game/Chat/Commands/ListCommands.cs,Source/Game/Maps/Instances/InstanceSaveManager.cs
CypherCore/CypherCore,Source/Game/Chat/Commands/ListCommands.cs,Source/Game/Spells/Spell.cs
CypherCore/CypherCore,Source/Game/Chat/Commands/ListCommands.cs,Source/Game/Spells/SpellManager.cs
CypherCore/CypherCore,Source/Game/Chat/Commands/ListCommands.cs,Source/Game/Chat/Commands/MiscCommands.cs
CypherCore/CypherCore,Source/Game/Chat/Commands/ListCommands.cs,Source/Game/Chat/Commands/LearnCommands.cs
CypherCore/CypherCore,Source/Game/Chat/Commands/ListCommands.cs,Source/Game/Entities/Object/WorldObject.cs
CypherCore/CypherCore,Source/Game/Chat/Commands/ListCommands.cs,Source/Game/Chat/Commands/GroupCommands.cs
CypherCore/CypherCore,Source/Game/Chat/Commands/ListCommands.cs,Source/Game/Handlers/MovementHandler.cs
CypherCore/CypherCore,Source/Game/Chat/Commands/ListCommands.cs,Source/Framework/Database/Databases/CharacterDatabase.cs
CypherCore/CypherCore,Source/Game/Chat/Commands/ListCommands.cs,Source/Game/Spells/SpellEffects.cs
CypherCore/CypherCore,Source/Game/Chat/Commands/ListCommands.cs,Source/Game/Maps/TransportManager.cs
CypherCore/CypherCore,Source/Game/Chat/Commands/ListCommands.cs,Source/Game/Entities/GameObject/GameObject.cs
CypherCore/CypherCore,Source/Game/Chat/Commands/ListCommands.cs,Source/Game/Entities/Creature/Creature.cs
CypherCore/CypherCore,Source/Game/Chat/Commands/ListCommands.cs,Source/Game/Maps/Instances/InstanceScript.cs
CypherCore/CypherCore,Source/Game/Chat/Commands/ListCommands.cs,Source/Game/Conditions/ConditionManager.cs
CypherCore/CypherCore,Source/Game/Entities/Player/Player.PvP.cs,Source/Game/Maps/Instances/InstanceScript.cs
CypherCore/CypherCore,Source/Game/Entities/Player/Player.PvP.cs,Source/Game/Chat/Commands/MiscCommands.cs
CypherCore/CypherCore,Source/Game/Entities/Player/Player.PvP.cs,Source/Scripts/World/NpcSpecial.cs
CypherCore/CypherCore,Source/Game/Entities/Player/Player.PvP.cs,Source/Game/Conditions/ConditionManager.cs
CypherCore/CypherCore,Source/Game/Entities/Player/Player.PvP.cs,Source/Game/Entities/Object/WorldObject.cs
CypherCore/CypherCore,Source/Game/Entities/Player/Player.PvP.cs,Source/Game/Spells/SpellManager.cs
CypherCore/CypherCore,Source/Game/Entities/Player/Player.PvP.cs,Source/Game/Entities/Player/Player.DB.cs
CypherCore/CypherCore,Source/Game/Entities/Player/Player.PvP.cs,Source/Game/Chat/Commands/LearnCommands.cs
CypherCore/CypherCore,Source/Game/Entities/Player/Player.PvP.cs,Source/Game/Chat/Commands/MMapsCommands.cs
CypherCore/CypherCore,Source/Game/Entities/Player/Player.PvP.cs,Source/Framework/Constants/SharedConst.cs
CypherCore/CypherCore,Source/Game/Entities/Player/Player.PvP.cs,Source/Game/Spells/SpellEffects.cs
CypherCore/CypherCore,Source/Game/Entities/Player/Player.PvP.cs,Source/Game/Spells/Auras/AuraEffect.cs
CypherCore/CypherCore,Source/Game/Entities/Player/Player.PvP.cs,Source/Game/Handlers/MovementHandler.cs
CypherCore/CypherCore,Source/Game/Entities/Player/Player.PvP.cs,Source/Game/Entities/Creature/Creature.cs
CypherCore/CypherCore,Source/Game/Entities/Player/Player.PvP.cs,Source/Game/Maps/Instances/InstanceSaveManager.cs
CypherCore/CypherCore,Source/Game/Entities/Player/Player.PvP.cs,Source/Game/Maps/TransportManager.cs
CypherCore/CypherCore,Source/Game/Entities/Player/Player.PvP.cs,Source/Game/Chat/Commands/GameObjectCommands.cs
CypherCore/CypherCore,Source/Game/Entities/Player/Player.PvP.cs,Source/Game/Globals/ObjectManager.cs
CypherCore/CypherCore,Source/Game/Entities/Player/Player.PvP.cs,Source/Framework/Database/Databases/CharacterDatabase.cs
CypherCore/CypherCore,Source/Game/Entities/Player/Player.PvP.cs,Source/Game/Spells/Spell.cs
CypherCore/CypherCore,Source/Game/Entities/Player/Player.PvP.cs,Source/Game/Entities/GameObject/GameObject.cs
CypherCore/CypherCore,Source/Game/Entities/Player/Player.PvP.cs,Source/Game/Chat/Commands/CharacterCommands.cs
CypherCore/CypherCore,Source/Game/Entities/Player/Player.PvP.cs,Source/Game/Chat/Commands/GroupCommands.cs
CypherCore/CypherCore,Source/Scripts/BattleField/WinterGrasp.cs,Source/Game/Chat/CommandArgs.cs
CypherCore/CypherCore,Source/Scripts/BattleField/WinterGrasp.cs,Source/Game/World/WorldStateManager.cs
uholeschak/ediabaslib,BmwDeepObd/XmlToolEcuActivity.cs,BmwDeepObd/EdiabasThread.cs
uholeschak/ediabaslib,Tools/Psdz/PsdzClientLibrary/DetectVehicle.cs,Tools/Psdz/WebPsdzClient/App_Data/SessionContainer.cs
uholeschak/ediabaslib,Tools/Psdz/PsdzClientLibrary/DetectVehicle.cs,Tools/Psdz/PsdzClientLibrary/Programing/PsdzContext.cs
uholeschak/ediabaslib,Tools/Psdz/PsdzClientLibrary/DetectVehicle.cs,Tools/Psdz/WebPsdzClient/Default.aspx.cs
uholeschak/ediabaslib,Tools/Psdz/PsdzClientLibrary/DetectVehicle.cs,Tools/Psdz/PsdzClient/FormMain.cs
uholeschak/ediabaslib,Tools/Psdz/PsdzClientLibrary/Core/AndExpression.cs,Tools/Psdz/WebPsdzClient/App_Data/SessionContainer.cs
uholeschak/ediabaslib,Tools/Psdz/PsdzClientLibrary/Core/AndExpression.cs,Tools/Psdz/PsdzClientLibrary/Programing/PsdzContext.cs
uholeschak/ediabaslib,Tools/Psdz/PsdzClientLibrary/Core/AndExpression.cs,Tools/Psdz/WebPsdzClient/Default.aspx.cs
uholeschak/ediabaslib,Tools/Psdz/PsdzClientLibrary/Core/AndExpression.cs,Tools/Psdz/PsdzClient/FormMain.cs
uholeschak/ediabaslib,Tools/Psdz/PsdzClientLibrary/Core/DateExpression.cs,Tools/Psdz/WebPsdzClient/App_Data/SessionContainer.cs
uholeschak/ediabaslib,Tools/Psdz/PsdzClientLibrary/Core/DateExpression.cs,Tools/Psdz/WebPsdzClient/Default.aspx.cs
uholeschak/ediabaslib,Tools/Psdz/PsdzClientLibrary/Core/DateExpression.cs,Tools/Psdz/PsdzClientLibrary/Programing/PsdzContext.cs
uholeschak/ediabaslib,Tools/Psdz/PsdzClientLibrary/Core/DateExpression.cs,Tools/Psdz/PsdzClient/FormMain.cs
uholeschak/ediabaslib,Tools/Psdz/PsdzClientLibrary/Core/RuleExpression.cs,Tools/Psdz/WebPsdzClient/App_Data/SessionContainer.cs
uholeschak/ediabaslib,Tools/Psdz/PsdzClientLibrary/Core/RuleExpression.cs,Tools/Psdz/WebPsdzClient/Default.aspx.cs
uholeschak/ediabaslib,Tools/Psdz/PsdzClientLibrary/Core/RuleExpression.cs,Tools/Psdz/PsdzClient/FormMain.cs
uholeschak/ediabaslib,Tools/Psdz/PsdzClientLibrary/Core/RuleExpression.cs,Tools/Psdz/PsdzClientLibrary/Programing/PsdzContext.cs
uholeschak/ediabaslib,Tools/Psdz/PsdzClientLibrary/Core/IStufeXExpression.cs,Tools/Psdz/PsdzClient/FormMain.cs
uholeschak/ediabaslib,Tools/Psdz/PsdzClientLibrary/Core/IStufeXExpression.cs,Tools/Psdz/WebPsdzClient/App_Data/SessionContainer.cs
uholeschak/ediabaslib,Tools/Psdz/PsdzClientLibrary/Core/IStufeXExpression.cs,Tools/Psdz/PsdzClientLibrary/Programing/PsdzContext.cs
uholeschak/ediabaslib,Tools/Psdz/PsdzClientLibrary/Core/IStufeXExpression.cs,Tools/Psdz/WebPsdzClient/Default.aspx.cs
uholeschak/ediabaslib,Tools/Psdz/PsdzClientLibrary/Core/EcuGroupExpression.cs,Tools/Psdz/PsdzClient/FormMain.cs
uholeschak/ediabaslib,Tools/Psdz/PsdzClientLibrary/Core/EcuGroupExpression.cs,Tools/Psdz/PsdzClientLibrary/Programing/PsdzContext.cs
uholeschak/ediabaslib,Tools/Psdz/PsdzClientLibrary/Core/EcuGroupExpression.cs,Tools/Psdz/WebPsdzClient/Default.aspx.cs
uholeschak/ediabaslib,Tools/Psdz/PsdzClientLibrary/Core/EcuGroupExpression.cs,Tools/Psdz/WebPsdzClient/App_Data/SessionContainer.cs
uholeschak/ediabaslib,Tools/Psdz/PsdzClientLibrary/Core/EquipmentExpression.cs,Tools/Psdz/WebPsdzClient/App_Data/SessionContainer.cs
uholeschak/ediabaslib,Tools/Psdz/PsdzClientLibrary/Core/EquipmentExpression.cs,Tools/Psdz/PsdzClient/FormMain.cs
uholeschak/ediabaslib,Tools/Psdz/PsdzClientLibrary/Core/EquipmentExpression.cs,Tools/Psdz/WebPsdzClient/Default.aspx.cs
uholeschak/ediabaslib,Tools/Psdz/PsdzClientLibrary/Core/EquipmentExpression.cs,Tools/Psdz/PsdzClientLibrary/Programing/PsdzContext.cs
uholeschak/ediabaslib,Tools/Psdz/PsdzClientLibrary/Core/EcuVariantExpression.cs,Tools/Psdz/PsdzClientLibrary/Programing/PsdzContext.cs
uholeschak/ediabaslib,Tools/Psdz/PsdzClientLibrary/Core/EcuVariantExpression.cs,Tools/Psdz/WebPsdzClient/Default.aspx.cs
uholeschak/ediabaslib,Tools/Psdz/PsdzClientLibrary/Core/EcuVariantExpression.cs,Tools/Psdz/PsdzClient/FormMain.cs
uholeschak/ediabaslib,Tools/Psdz/PsdzClientLibrary/Core/EcuVariantExpression.cs,Tools/Psdz/WebPsdzClient/App_Data/SessionContainer.cs
uholeschak/ediabaslib,Tools/Psdz/PsdzClientLibrary/Core/CharacteristicExpression.cs,Tools/Psdz/WebPsdzClient/App_Data/SessionContainer.cs
uholeschak/ediabaslib,Tools/Psdz/PsdzClientLibrary/Core/CharacteristicExpression.cs,Tools/Psdz/PsdzClientLibrary/Programing/PsdzContext.cs
uholeschak/ediabaslib,Tools/Psdz/PsdzClientLibrary/Core/CharacteristicExpression.cs,Tools/Psdz/PsdzClient/FormMain.cs
uholeschak/ediabaslib,Tools/Psdz/PsdzClientLibrary/Core/CharacteristicExpression.cs,Tools/Psdz/WebPsdzClient/Default.aspx.cs
uholeschak/ediabaslib,Tools/Psdz/PsdzClientLibrary/Core/EcuRepresentativeExpression.cs,Tools/Psdz/WebPsdzClient/App_Data/SessionContainer.cs
uholeschak/ediabaslib,Tools/Psdz/PsdzClientLibrary/Core/EcuRepresentativeExpression.cs,Tools/Psdz/WebPsdzClient/Default.aspx.cs
uholeschak/ediabaslib,Tools/Psdz/PsdzClientLibrary/Core/EcuRepresentativeExpression.cs,Tools/Psdz/PsdzClient/FormMain.cs
uholeschak/ediabaslib,Tools/Psdz/PsdzClientLibrary/Core/EcuRepresentativeExpression.cs,Tools/Psdz/PsdzClientLibrary/Programing/PsdzContext.cs
Serg-Norseman/GEDKeeper,projects/GKCore/GKCore/Lists/ListSource.cs,projects/GKCore/GKCore/Lists/IndividualListModel.cs
cadon/ARKStatsExtractor,ARKBreedingStats/Properties/AssemblyInfo.cs,ARKBreedingStats/Properties/Settings.Designer.cs
BryanWilhite/SonghayCore,Statiq.Docs.Shell/Program.cs,SonghayCore/Extensions/StringExtensions.Conversions.cs
BryanWilhite/SonghayCore,SonghayCore/Models/NameValuePair.cs,SonghayCore/Xml/XmlUtility.GetAttributeValue.cs
BryanWilhite/SonghayCore,SonghayCore/Models/NameValuePair.cs,SonghayCore/Xml/XmlUtility.InputAs.cs
BryanWilhite/SonghayCore,SonghayCore/Models/NameValuePair.cs,SonghayCore/Xml/HtmlUtility.cs
BryanWilhite/SonghayCore,SonghayCore/Models/NameValuePair.cs,SonghayCore/Xml/XObjectUtility.GetValue.cs
BryanWilhite/SonghayCore,SonghayCore/Models/NameValuePair.cs,SonghayCore/Xml/XmlUtility.GetNodeValue.cs
BryanWilhite/SonghayCore,SonghayCore/Models/NameValuePair.cs,SonghayCore/Xml/XmlUtility.XmlDecode.cs
SubtitleEdit/subtitleedit,src/ui/Forms/Main.Designer.cs,src/ui/Forms/AudioToText.cs
SubtitleEdit/subtitleedit,src/ui/Forms/Main.Designer.cs,src/ui/Forms/Main.cs
SubtitleEdit/subtitleedit,src/ui/Forms/Main.Designer.cs,src/ui/Forms/Compare.cs
